<?xml version="1.0" encoding="UTF-8"?>
<project-private xmlns="http://www.netbeans.org/ns/project-private/1">
    <editor-bookmarks xmlns="http://www.netbeans.org/ns/editor-bookmarks/2" lastBookmarkId="0"/>
    <open-files xmlns="http://www.netbeans.org/ns/projectui-open-files/2">
        <group>
            <file>file:/E:/random/JavaApplication1/src/javaapplication4/AdminSelect.java</file>
            <file>file:/E:/random/JavaApplication1/src/javaapplication4/login.java</file>
            <file>file:/E:/random/JavaApplication1/src/javaapplication4/Addcustomers.java</file>
            <file>file:/E:/random/JavaApplication1/src/javaapplication4/ViewProducts.java</file>
            <file>file:/E:/random/JavaApplication1/src/javaapplication4/start.java</file>
            <file>file:/E:/random/JavaApplication1/src/javaapplication4/Products.java</file>
            <file>file:/E:/random/JavaApplication1/src/Lab/twelve/home2.java</file>
            <file>file:/E:/random/JavaApplication1/src/javaapplication4/customers.java</file>
            <file>file:/E:/random/JavaApplication1/src/javaapplication4/CustomerSelect.java</file>
        </group>
    </open-files>
</project-private>
